[{"min":0,"max":0.3,"skin":"https:\/\/chiji-h5.com\/fish\/fish.jpg","appid":"wxd84c4af1e5b98fbe","path":"pages\/start\/index?channel=3810&appid=wxf09af351e1aeb736","extraData":[],"name":"\u5de8\u9cb2\u5927\u4ea8","hot":true},{"min":0.3,"max":0.6,"skin":"https:\/\/chiji-h5.com\/fish\/jkdz.png","appid":"wxd84c4af1e5b98fbe","path":"pages\/start\/index?channel=3811&appid=wx88625ce47b4f8c3f","extraData":[],"name":"\u5de8\u9cb2\u5927\u6218","hot":true},{"min":0.6,"max":1,"skin":"https:\/\/chiji-h5.com\/fish\/zqll.jpg","appid":"wxd84c4af1e5b98fbe","path":"pages\/start\/index?channel=3812&appid=wxec26e289da5409cd","extraData":[],"name":"\u6700\u5f3a\u8fde\u4e00\u8fde","hot":true}]