[{"min":"0.5","max":"1","skin":"https:\/\/chiji-h5.com\/fish\/hs.png","appid":"wxd84c4af1e5b98fbe","path":"pages\/start\/index?channel=3801&appid=wxce85269ca3e1d1b0","extraData":"","name":"\u6211\u5f53\u7687\u4e0a","hot":"false"},{"min":0.5,"max":1,"skin":"https:\/\/chiji-h5.com\/fish\/new_boll.jpg","appid":"wxd84c4af1e5b98fbe","path":"pages\/start\/index?channel=3802&appid=wx75dac681f0912163","extraData":[],"name":"\u53d8\u6001\u5f39\u7403","hot":false},{"min":0.5,"max":1,"skin":"https:\/\/chiji-h5.com\/fish\/gun.png","appid":"wxd84c4af1e5b98fbe","path":"pages\/start\/index?channel=3803&appid=wx870933b73208f0ae","extraData":[],"name":"\u8ba9\u67aa\u98de","hot":false},{"min":0.5,"max":1,"skin":"https:\/\/chiji-h5.com\/fish\/new_bk.jpg","appid":"wxd84c4af1e5b98fbe","path":"pages\/start\/index?channel=3804&appid=wxeb1862629c31c8b3","extraData":[],"name":"\u5de8\u9cb2\u730e\u4eba","hot":false},{"min":0.5,"max":1,"skin":"https:\/\/chiji-h5.com\/fish\/ry.png","appid":"wxd84c4af1e5b98fbe","path":"pages\/start\/index?channel=3814&appid=wx28817827e0e59507","extraData":[],"name":"\u8bf8\u738b\u4e4b\u5203","hot":true},{"min":0.5,"max":1,"skin":"https:\/\/chiji-h5.com\/fish\/fish.jpg","appid":"wxd84c4af1e5b98fbe","path":"pages\/start\/index?channel=3805&appid=wxf09af351e1aeb736","extraData":[],"name":"\u5de8\u9cb2\u5927\u4ea8","hot":false},{"min":0.5,"max":1,"skin":"https:\/\/chiji-h5.com\/fish\/jkdz.png","appid":"wxd84c4af1e5b98fbe","path":"pages\/start\/index?channel=3806&appid=wx88625ce47b4f8c3f","extraData":[],"name":"\u5de8\u9cb2\u5927\u6218","hot":true},{"min":0.5,"max":1,"skin":"https:\/\/chiji-h5.com\/fish\/bz.png","appid":"wxd84c4af1e5b98fbe","path":"pages\/start\/index?channel=3807&appid=wxa6b2610dabdc6d10","extraData":[],"name":"\u677f\u5b50\u897f\u6e38","hot":false},{"min":0.5,"max":1,"skin":"https:\/\/chiji-h5.com\/fish\/ts.png","appid":"wxd84c4af1e5b98fbe","path":"pages\/start\/index?channel=3813&appid=wx684491e7f1643c2e","extraData":[],"name":"\u5c60\u795e","hot":true},{"min":0.5,"max":1,"skin":"https:\/\/chiji-h5.com\/fish\/mgr.jpg","appid":"wxd84c4af1e5b98fbe","path":"pages\/start\/index?channel=3809&appid=wx2ff9edad17ac3a40","extraData":[],"name":"\u8611\u83c7\u4eba","hot":false},{"min":0.5,"max":1,"skin":"https:\/\/chiji-h5.com\/fish\/hz.png","appid":"wxd84c4af1e5b98fbe","path":"pages\/game\/index?channel=1033","extraData":[],"name":"\u66f4\u591a\u6e38\u620f","hot":true}]