{
"version":26,
"wxcloudModel":1,
"adshareModel":0,
"videomaxNum":10,
"msgToast":1,
"needshareToNextLevelArr":[54,201,202,203,204,205,10],
"resetleveltm":6000,
 
"sharetime":[2500,2500,3500],
"special":{"open":true,"openlevel":13},
"offline":{"open":true,"openlevel":0,"mintm":600,"maxtm":3600,"minget":5,"maxget":10},
"rankarea":["Fuje","b","a","Fuje","Fuje"],
"onlinegame":{"open":true,"playtime":180,"intervaltime":60},
"level":55,
 
"sharexml":[
{"id":1,"txt":"根本停不下来的滚球游戏","url":"res/ui/share/share001.jpg"},
{"id":2,"txt":"根本停不下来的滚球游戏","url":"res/ui/share/share002.jpg"},
{"id":3,"txt":"根本停不下来的滚球游戏","url":"res/ui/share/share003.jpg"}

],
"localfile":[
	
 
 	"skilxml.txt",

	"sound/basesound.mp3",
	"sound/getdiamond.mp3",
	"sound/lost.mp3",
	"sound/pass.mp3",

	"pan/tenkyu/white.jpg",
	"pan/guiqiu/linshi/jianban.png",
	"pan/tenkyu/white.jpg",
	"pan/wudiqiuqiu/white.jpg",

	"assets/white.jpg",
	"model/diamondseffect_base.txt",
	"phy/glowwhite.jpg",
	"phy/green.jpg",
 
	"wudiqiuqiu/changjing/guankajibenmoxing/box/baoxiang.jpg",
	"wudiqiuqiu/changjing/texture/basepic.jpg",
	


	"ui/textlist/textlist.txt",
	"base/brdf_ltu.jpg",
	"base/cube/e01.jpg",
	"model/baoxiang001_base.txt",
	"model/whiteball_base.txt",
	"model/genshui_base.txt",
	"model/zhuanshi_base.txt",
	
	"model/levelup_base.txt",


 
 	"panelui/basewin/basewin.txt",
	"panelui/basewin/basewin.png",
	
	"panelui/guide/guide.txt",
	"panelui/guide/guide.png",
	
	"panelui/topstart/topstart.txt",
	"panelui/topstart/topstart.png",
	
	"panelui/topmenu/topmenu.txt",
	"panelui/topmenu/topmenu.png",
	
	"panelui/rightpanda/rightpanda.png",
	"panelui/rightpanda/rightpanda.txt",
	
	"panelui/baoxiang/baoxiang.txt",
	"panelui/baoxiang/baoxiang.png",
	
	"panelui/levelup/levelup.txt",
	"panelui/levelup/levelup.png",
	
	"panelui/resetplay/resetplay.txt",
	"panelui/resetplay/resetplay.png",
	
	

	"map/1001_base.txt",
	"map/1002_base.txt",
	"map/1003_base.txt",
	"map/1004_base.txt",
	"map/1005_base.txt"
 
 
]
,
"linkplaymap":[
	{"id":1,"mapname":"20001","pic":"panelui/linkplay/mappic/1.png","name":"第一张图","basepos":[{"x":-50, "y":12, "z":0},{"x":-0, "y":12, "z":0},{"x":50, "y":12, "z":0},{"x":100, "y":12, "z":0}]},
	{"id":2,"mapname":"20002","pic":"panelui/linkplay/mappic/2.png","name":"第二张图","basepos":[{"x":-50, "y":12, "z":0},{"x":-0, "y":12, "z":0},{"x":50, "y":12, "z":0},{"x":100, "y":12, "z":0}]},
	{"id":3,"mapname":"20003","pic":"panelui/linkplay/mappic/3.png","name":"第三张图","basepos":[{"x":-0, "y":20, "z":0},{"x":-50, "y":20, "z":0},{"x":50, "y":20, "z":0},{"x":-50, "y":20, "z":50}]},
	{"id":4,"mapname":"20004","pic":"panelui/linkplay/mappic/4.png","name":"第四张图","basepos":[{"x":-50, "y":12, "z":0},{"x":-50, "y":12, "z":0},{"x":-50, "y":12, "z":0},{"x":-50, "y":12, "z":0}]},
	{"id":5,"mapname":"20005","pic":"panelui/linkplay/mappic/5.png","name":"第五张图","basepos":[{"x":-50, "y":12, "z":0},{"x":-50, "y":12, "z":0},{"x":-50, "y":12, "z":0},{"x":-50, "y":12, "z":0}]},
	{"id":6,"mapname":"20006","pic":"panelui/linkplay/mappic/6.png","name":"第六张图","basepos":[{"x":-50, "y":12, "z":0},{"x":-50, "y":12, "z":0},{"x":-50, "y":12, "z":0},{"x":-50, "y":12, "z":0}]}

]
,
"endless":{
   "open":true,
   "levelitem":[10001,10002,10003,10004,10005,10006,10007,10008 ,10009 ],
   "addtimeitem":[{"mapuid":10001,"addtime":5},{"mapuid":10002,"addtime":5},{"mapuid":10003,"addtime":5},{"mapuid":10004,"addtime":5},{"mapuid":10005,"addtime":5},{"mapuid":10006,"addtime":6},{"mapuid":10007,"addtime":7},{"mapuid":10008,"addtime":8},{"mapuid":10009,"addtime":9}],
	"maxtime":30,
	"timefinishrealplaynum":1,
	"waitrevivetime":20
}

 
}
